{"cameraMode":{"drawMode":0,"name":"Shaded","section":"Shading Mode"},"sceneLighting":true,"audioPlay":false,"sceneViewState":{"showFog":true,"showMaterialUpdate":true,"showSkybox":true,"showFlares":true,"showImageEffects":true,"showParticleSystems":true},"in2DMode":false,"pivot":{"x":-2.134634494781494,"y":3.7534964084625246,"z":-5.2494893074035648},"rotation":{"x":0.2300240695476532,"y":0.7403312921524048,"z":-0.3083590269088745,"w":0.5516287684440613},"size":3.51560115814209,"orthographic":false}