{"cameraMode":{"drawMode":0,"name":"Shaded","section":"Shading Mode"},"sceneLighting":false,"audioPlay":false,"sceneViewState":{"showFog":true,"showMaterialUpdate":true,"showSkybox":false,"showFlares":true,"showImageEffects":true,"showParticleSystems":true},"in2DMode":false,"pivot":{"x":0.009692435152828694,"y":-0.5089295506477356,"z":1.1734199523925782},"rotation":{"x":-0.09164818376302719,"y":0.02746995911002159,"z":-0.0026361874770373108,"w":-0.9954916834831238},"size":0.8660253882408142,"orthographic":false}