{"cameraMode":{"drawMode":0,"name":"Shaded","section":"Shading Mode"},"sceneLighting":false,"audioPlay":false,"sceneViewState":{"showFog":true,"showMaterialUpdate":true,"showSkybox":false,"showFlares":true,"showImageEffects":true,"showParticleSystems":true},"in2DMode":false,"pivot":{"x":52.93402099609375,"y":1.8914375305175782,"z":-1.3768068552017213},"rotation":{"x":-0.0014027589932084084,"y":-0.9987425208091736,"z":0.033274129033088687,"w":-0.0398627445101738},"size":0.8466175198554993,"orthographic":false}