{"cameraMode":{"drawMode":0,"name":"Shaded","section":"Shading Mode"},"sceneLighting":true,"audioPlay":false,"sceneViewState":{"showFog":true,"showMaterialUpdate":true,"showSkybox":true,"showFlares":true,"showImageEffects":true,"showParticleSystems":true},"in2DMode":false,"pivot":{"x":-2.297494888305664,"y":0.7600197792053223,"z":-8.427815437316895},"rotation":{"x":0.29144755005836489,"y":0.24649624526500703,"z":-0.07756999880075455,"w":0.9212163090705872},"size":1.145349383354187,"orthographic":false}