{"cameraMode":{"drawMode":0,"name":"Shaded","section":"Shading Mode"},"sceneLighting":true,"audioPlay":false,"sceneViewState":{"showFog":true,"showMaterialUpdate":true,"showSkybox":true,"showFlares":true,"showImageEffects":true,"showParticleSystems":true},"in2DMode":false,"pivot":{"x":-3.568612575531006,"y":1.3115363121032715,"z":-3.0008723735809328},"rotation":{"x":-0.06211327761411667,"y":0.739717960357666,"z":-0.6670257449150086,"w":-0.06836346536874771},"size":2.015601396560669,"orthographic":false}