{"cameraMode":{"drawMode":0,"name":"Shaded","section":"Shading Mode"},"sceneLighting":false,"audioPlay":false,"sceneViewState":{"showFog":true,"showMaterialUpdate":true,"showSkybox":false,"showFlares":true,"showImageEffects":true,"showParticleSystems":true},"in2DMode":false,"pivot":{"x":-2.986786365509033,"y":0.27694058418273928,"z":-9.230531692504883},"rotation":{"x":-0.010805008001625538,"y":0.617127537727356,"z":-0.008597719483077526,"w":-0.7868440747261047},"size":0.35465073585510256,"orthographic":false}