{"cameraMode":{"drawMode":0,"name":"Shaded","section":"Shading Mode"},"sceneLighting":true,"audioPlay":false,"sceneViewState":{"showFog":true,"showMaterialUpdate":true,"showSkybox":true,"showFlares":true,"showImageEffects":true,"showParticleSystems":true},"in2DMode":false,"pivot":{"x":-0.31511735916137698,"y":0.3467998504638672,"z":-7.544003963470459},"rotation":{"x":0.39806604385375979,"y":0.17356163263320924,"z":-0.07663626968860626,"w":0.8977319002151489},"size":3.51560115814209,"orthographic":false}