{"cameraMode":{"drawMode":0,"name":"Shaded","section":"Shading Mode"},"sceneLighting":true,"audioPlay":false,"sceneViewState":{"showFog":true,"showMaterialUpdate":true,"showSkybox":true,"showFlares":true,"showImageEffects":true,"showParticleSystems":true},"in2DMode":false,"pivot":{"x":3.703704833984375,"y":17.276674270629884,"z":-7.690108299255371},"rotation":{"x":-0.46972236037254336,"y":0.3569622039794922,"z":-0.21504773199558259,"w":-0.7786033749580383},"size":10.386645317077637,"orthographic":false}