{"cameraMode":{"drawMode":0,"name":"Shaded","section":"Shading Mode"},"sceneLighting":true,"audioPlay":false,"sceneViewState":{"showFog":true,"showMaterialUpdate":true,"showSkybox":true,"showFlares":true,"showImageEffects":true,"showParticleSystems":true},"in2DMode":false,"pivot":{"x":2.368196487426758,"y":-2.4177894592285158,"z":6.34893798828125},"rotation":{"x":-0.46873006224632265,"y":-0.20399747788906098,"z":0.11212728172540665,"w":-0.852262556552887},"size":10.386645317077637,"orthographic":false}