{"cameraMode":{"drawMode":0,"name":"Shaded","section":"Shading Mode"},"sceneLighting":false,"audioPlay":false,"sceneViewState":{"showFog":true,"showMaterialUpdate":false,"showSkybox":false,"showFlares":true,"showImageEffects":true,"showParticleSystems":true,"showVisualEffectGraphs":true,"m_FxEnabled":true},"in2DMode":false,"pivot":{"x":10.553584098815918,"y":2.1287782192230226,"z":-7.339532852172852},"rotation":{"x":0.004931321367621422,"y":-0.9957835078239441,"z":0.10218729078769684,"w":0.01934952661395073},"size":1.5259495973587037,"orthographic":false}