{"cameraMode":{"drawMode":0,"name":"Shaded","section":"Shading Mode"},"sceneLighting":false,"audioPlay":false,"sceneViewState":{"showFog":true,"showMaterialUpdate":false,"showSkybox":false,"showFlares":true,"showImageEffects":true,"showParticleSystems":true,"showVisualEffectGraphs":true,"m_FxEnabled":true},"in2DMode":false,"pivot":{"x":-0.17167507112026215,"y":1.0812932252883912,"z":-1.1576815843582154},"rotation":{"x":0.11500543355941773,"y":0.8811636567115784,"z":-0.29147928953170779,"w":0.3573661148548126},"size":1.256845474243164,"orthographic":false}