{"cameraMode":{"drawMode":0,"name":"Shaded","section":"Shading Mode"},"sceneLighting":true,"audioPlay":false,"sceneViewState":{"showFog":true,"showMaterialUpdate":false,"showSkybox":true,"showFlares":true,"showImageEffects":true,"showParticleSystems":true,"showVisualEffectGraphs":true,"m_FxEnabled":true},"in2DMode":false,"pivot":{"x":0.4306122660636902,"y":53.20105743408203,"z":12.32760238647461},"rotation":{"x":0.002175270114094019,"y":-0.9230381846427918,"z":0.3875541687011719,"w":-0.005902484990656376},"size":1.5190088748931885,"orthographic":false}