{"cameraMode":{"drawMode":0,"name":"Shaded","section":"Shading Mode"},"sceneLighting":true,"audioPlay":false,"sceneViewState":{"showFog":true,"showMaterialUpdate":false,"showSkybox":true,"showFlares":true,"showImageEffects":true,"showParticleSystems":true,"showVisualEffectGraphs":true,"m_FxEnabled":true},"in2DMode":false,"pivot":{"x":-6.224320411682129,"y":1.4504238367080689,"z":-1.348038911819458},"rotation":{"x":-0.006556191481649876,"y":0.6577833294868469,"z":-0.0016144477995112539,"w":-0.7546284198760986},"size":1.5190088748931885,"orthographic":false}