{"cameraMode":{"drawMode":0,"name":"Shaded","section":"Shading Mode"},"sceneLighting":true,"audioPlay":false,"sceneViewState":{"showFog":true,"showMaterialUpdate":false,"showSkybox":true,"showFlares":true,"showImageEffects":true,"showParticleSystems":true,"showVisualEffectGraphs":true,"m_FxEnabled":true},"in2DMode":false,"pivot":{"x":2.4420688152313234,"y":4.588029384613037,"z":16.367931365966798},"rotation":{"x":-0.012702308595180512,"y":0.9799537658691406,"z":-0.19529813528060914,"w":-0.05468437448143959},"size":0.8724576830863953,"orthographic":false}