{"cameraMode":{"drawMode":0,"name":"Shaded","section":"Shading Mode"},"sceneLighting":true,"audioPlay":false,"sceneViewState":{"showFog":true,"showMaterialUpdate":false,"showSkybox":false,"showFlares":true,"showImageEffects":true,"showParticleSystems":true,"showVisualEffectGraphs":true,"m_FxEnabled":true},"in2DMode":false,"pivot":{"x":168.8362274169922,"y":0.09999990463256836,"z":54.56960678100586},"rotation":{"x":0.20572426915168763,"y":0.36500290036201479,"z":-0.08367093652486801,"w":0.9048135876655579},"size":6.062177658081055,"orthographic":false}