{"cameraMode":{"drawMode":0,"name":"Shaded","section":"Shading Mode"},"sceneLighting":false,"audioPlay":false,"sceneViewState":{"showFog":true,"showMaterialUpdate":true,"showSkybox":false,"showFlares":true,"showImageEffects":true,"showParticleSystems":true},"in2DMode":false,"pivot":{"x":53.55440902709961,"y":5.122922897338867,"z":-0.8679570555686951},"rotation":{"x":0.17873325943946839,"y":0.09209437668323517,"z":-0.015577840618789196,"w":0.9798654913902283},"size":3.6079204082489015,"orthographic":false}