{"cameraMode":{"drawMode":0,"name":"Shaded","section":"Shading Mode"},"sceneLighting":true,"audioPlay":false,"sceneViewState":{"showFog":true,"showMaterialUpdate":true,"showSkybox":true,"showFlares":true,"showImageEffects":true,"showParticleSystems":true},"in2DMode":false,"pivot":{"x":15.109786987304688,"y":15.761734008789063,"z":1.3700053691864014},"rotation":{"x":-0.2551058828830719,"y":0.05542512610554695,"z":-0.015746278688311578,"w":-0.9657972455024719},"size":17.00063133239746,"orthographic":false}