{"cameraMode":{"drawMode":0,"name":"Shaded","section":"Shading Mode"},"sceneLighting":false,"audioPlay":false,"sceneViewState":{"showFog":true,"showMaterialUpdate":true,"showSkybox":false,"showFlares":true,"showImageEffects":true,"showParticleSystems":true},"in2DMode":false,"pivot":{"x":0.0437169075012207,"y":-0.04642343521118164,"z":-2.384185791015625e-7},"rotation":{"x":-0.5411459803581238,"y":-0.019881747663021089,"z":0.012266063131392002,"w":-0.8408908247947693},"size":2.494858980178833,"orthographic":false}