{"cameraMode":{"drawMode":0,"name":"Shaded","section":"Shading Mode"},"sceneLighting":false,"audioPlay":false,"sceneViewState":{"showFog":true,"showMaterialUpdate":true,"showSkybox":false,"showFlares":true,"showImageEffects":true,"showParticleSystems":true},"in2DMode":false,"pivot":{"x":51.83098220825195,"y":4.562582492828369,"z":-1.4096187353134156},"rotation":{"x":0.24979306757450105,"y":0.5825142860412598,"z":-0.1934540569782257,"w":0.7494763731956482},"size":3.5338149070739748,"orthographic":false}