{"cameraMode":{"drawMode":0,"name":"Shaded","section":"Shading Mode"},"sceneLighting":true,"audioPlay":false,"sceneViewState":{"showFog":true,"showMaterialUpdate":true,"showSkybox":true,"showFlares":true,"showImageEffects":true,"showParticleSystems":true},"in2DMode":false,"pivot":{"x":-28.064014434814454,"y":12.179137229919434,"z":9.378716468811036},"rotation":{"x":-0.29740679264068606,"y":0.004501780960708857,"z":-0.00276015093550086,"w":-0.9553504586219788},"size":7.497873306274414,"orthographic":false}